{"cameraMode":{"drawMode":0,"name":"Shaded","section":"Shading Mode"},"sceneLighting":true,"audioPlay":false,"sceneViewState":{"m_AlwaysRefresh":false,"showFog":true,"showSkybox":true,"showFlares":true,"showImageEffects":true,"showParticleSystems":true,"showVisualEffectGraphs":true,"m_FxEnabled":true},"in2DMode":false,"pivot":{"x":262.69775390625,"y":-98.23648834228516,"z":-78.25576782226563},"rotation":{"x":0.038338594138622287,"y":-0.050942227244377139,"z":0.0019811715465039016,"w":0.9979954957962036},"size":519.576904296875,"orthographic":true}