{"cameraMode":{"drawMode":0,"name":"Shaded","section":"Shading Mode"},"sceneLighting":true,"audioPlay":false,"sceneViewState":{"m_AlwaysRefresh":false,"showFog":true,"showSkybox":true,"showFlares":true,"showImageEffects":true,"showParticleSystems":true,"showVisualEffectGraphs":true,"m_FxEnabled":true},"in2DMode":false,"pivot":{"x":2.746077537536621,"y":-57.923248291015628,"z":61.478485107421878},"rotation":{"x":0.39529916644096377,"y":-0.0217494647949934,"z":0.009374504908919335,"w":0.9182813167572022},"size":69.52784729003906,"orthographic":false}