{"cameraMode":{"drawMode":0,"name":"Shaded","section":"Shading Mode"},"sceneLighting":true,"audioPlay":false,"sceneViewState":{"m_AlwaysRefresh":false,"showFog":true,"showSkybox":true,"showFlares":true,"showImageEffects":true,"showParticleSystems":true,"showVisualEffectGraphs":true,"m_FxEnabled":true},"in2DMode":false,"pivot":{"x":-13.753406524658204,"y":0.14501386880874635,"z":17.62939453125},"rotation":{"x":0.39529916644096377,"y":-0.0217494647949934,"z":0.009374504908919335,"w":0.9182813167572022},"size":115.48904418945313,"orthographic":false}