{"cameraMode":{"drawMode":0,"name":"Shaded","section":"Shading Mode"},"sceneLighting":true,"audioPlay":false,"sceneViewState":{"m_AlwaysRefresh":false,"showFog":true,"showSkybox":true,"showFlares":true,"showImageEffects":true,"showParticleSystems":true,"showVisualEffectGraphs":true,"m_FxEnabled":true},"in2DMode":false,"pivot":{"x":12.525227546691895,"y":17.329830169677736,"z":-18.622846603393556},"rotation":{"x":0.3601292073726654,"y":0.004205334931612015,"z":-0.0015987009974196554,"w":0.9329253435134888},"size":8.7098388671875,"orthographic":false}