{"cameraMode":{"drawMode":0,"name":"Shaded","section":"Shading Mode"},"sceneLighting":true,"audioPlay":false,"sceneViewState":{"m_AlwaysRefresh":false,"showFog":true,"showSkybox":true,"showFlares":true,"showImageEffects":true,"showParticleSystems":true,"showVisualEffectGraphs":true,"m_FxEnabled":true},"in2DMode":false,"pivot":{"x":3.5758862495422365,"y":1.3247203826904297,"z":7.248367786407471},"rotation":{"x":0.1871509850025177,"y":0.37502697110176089,"z":-0.07757610082626343,"w":0.9046226739883423},"size":5.859001159667969,"orthographic":false}